{"cameraMode":{"drawMode":0,"name":"Shaded","section":"Shading Mode"},"sceneLighting":false,"audioPlay":false,"sceneViewState":{"m_AlwaysRefresh":false,"showFog":true,"showSkybox":false,"showFlares":true,"showImageEffects":true,"showParticleSystems":true,"showVisualEffectGraphs":true,"m_FxEnabled":true},"in2DMode":false,"pivot":{"x":330.03143310546877,"y":494.85504150390627,"z":-191.08932495117188},"rotation":{"x":-0.12596622109413148,"y":-0.011311572045087815,"z":0.0014365322422236205,"w":-0.9919695258140564},"size":242.9137420654297,"orthographic":false}